<?xml version="1.0" encoding="UTF-8"?>
<GenRun Id="synth_1" LaunchPart="xc7a35tcpg236-1" LaunchTime="1482667985">
  <File Type="RDS-PROPCONSTRS" Name="Main_drc_synth.rpt"/>
  <File Type="PA-TCL" Name="Main.tcl"/>
  <File Type="RDS-RDS" Name="Main.vds"/>
  <File Type="RDS-UTIL" Name="Main_utilization_synth.rpt"/>
  <File Type="RDS-UTIL-PB" Name="Main_utilization_synth.pb"/>
  <File Type="RDS-DCP" Name="Main.dcp"/>
  <File Type="VDS-TIMINGSUMMARY" Name="Main_timing_summary_synth.rpt"/>
  <File Type="VDS-TIMING-PB" Name="Main_timing_summary_synth.pb"/>
  <FileSet Name="sources" Type="DesignSrcs" RelSrcDir="$PSRCDIR/sources_1">
    <Filter Type="Srcs"/>
    <File Path="$PSRCDIR/sources_1/imports/morsedecoder/SevSeg_4digit.sv">
      <FileInfo>
        <Attr Name="ImportPath" Val="$PPRDIR/../morsedecoder/SevSeg_4digit.sv"/>
        <Attr Name="ImportTime" Val="1482524988"/>
        <Attr Name="UsedIn" Val="synthesis"/>
        <Attr Name="UsedIn" Val="implementation"/>
        <Attr Name="UsedIn" Val="simulation"/>
      </FileInfo>
    </File>
    <File Path="$PSRCDIR/sources_1/imports/morsedecoder/DotMatrix.sv">
      <FileInfo>
        <Attr Name="ImportPath" Val="$PPRDIR/../morsedecoder/DotMatrix.sv"/>
        <Attr Name="ImportTime" Val="1482514392"/>
        <Attr Name="UsedIn" Val="synthesis"/>
        <Attr Name="UsedIn" Val="implementation"/>
        <Attr Name="UsedIn" Val="simulation"/>
      </FileInfo>
    </File>
    <File Path="$PSRCDIR/sources_1/imports/morsedecoder/MatrixDriver.sv">
      <FileInfo>
        <Attr Name="ImportPath" Val="$PPRDIR/../morsedecoder/MatrixDriver.sv"/>
        <Attr Name="ImportTime" Val="1482524978"/>
        <Attr Name="UsedIn" Val="synthesis"/>
        <Attr Name="UsedIn" Val="implementation"/>
        <Attr Name="UsedIn" Val="simulation"/>
      </FileInfo>
    </File>
    <File Path="$PSRCDIR/sources_1/imports/morsedecoder/ControllerFSM.sv">
      <FileInfo>
        <Attr Name="ImportPath" Val="$PPRDIR/../morsedecoder/ControllerFSM.sv"/>
        <Attr Name="ImportTime" Val="1482584817"/>
        <Attr Name="UsedIn" Val="synthesis"/>
        <Attr Name="UsedIn" Val="implementation"/>
        <Attr Name="UsedIn" Val="simulation"/>
      </FileInfo>
    </File>
    <File Path="$PSRCDIR/sources_1/imports/morsedecoder/inputConverterV1.sv">
      <FileInfo>
        <Attr Name="ImportPath" Val="$PPRDIR/../morsedecoder/inputConverterV1.sv"/>
        <Attr Name="ImportTime" Val="1482586490"/>
        <Attr Name="UsedIn" Val="synthesis"/>
        <Attr Name="UsedIn" Val="implementation"/>
        <Attr Name="UsedIn" Val="simulation"/>
      </FileInfo>
    </File>
    <File Path="$PSRCDIR/sources_1/imports/morsedecoder/Main.sv">
      <FileInfo>
        <Attr Name="ImportPath" Val="$PPRDIR/../morsedecoder/Main.sv"/>
        <Attr Name="ImportTime" Val="1482586189"/>
        <Attr Name="UsedIn" Val="synthesis"/>
        <Attr Name="UsedIn" Val="implementation"/>
        <Attr Name="UsedIn" Val="simulation"/>
      </FileInfo>
    </File>
    <File Path="$PSRCDIR/sources_1/imports/morsedecoder/inputConverterDriver.sv">
      <FileInfo>
        <Attr Name="UserDisabled" Val="1"/>
        <Attr Name="ImportPath" Val="$PPRDIR/../morsedecoder/inputConverterDriver.sv"/>
        <Attr Name="ImportTime" Val="1482586175"/>
        <Attr Name="UsedIn" Val="synthesis"/>
        <Attr Name="UsedIn" Val="implementation"/>
        <Attr Name="UsedIn" Val="simulation"/>
      </FileInfo>
    </File>
    <File Path="$PSRCDIR/sources_1/imports/morsedecoder/inputConverterV2.sv">
      <FileInfo>
        <Attr Name="UserDisabled" Val="1"/>
        <Attr Name="ImportPath" Val="$PPRDIR/../morsedecoder/inputConverterV2.sv"/>
        <Attr Name="ImportTime" Val="1482586133"/>
        <Attr Name="UsedIn" Val="synthesis"/>
        <Attr Name="UsedIn" Val="implementation"/>
        <Attr Name="UsedIn" Val="simulation"/>
      </FileInfo>
    </File>
    <Config>
      <Option Name="DesignMode" Val="RTL"/>
      <Option Name="TopModule" Val="Main"/>
      <Option Name="TopAutoSet" Val="TRUE"/>
    </Config>
  </FileSet>
  <FileSet Name="constrs_in" Type="Constrs" RelSrcDir="$PSRCDIR/constrs_1">
    <Filter Type="Constrs"/>
    <File Path="$PSRCDIR/constrs_1/imports/morsedecoder/const.xdc">
      <FileInfo>
        <Attr Name="ImportPath" Val="$PPRDIR/../morsedecoder/const.xdc"/>
        <Attr Name="ImportTime" Val="1482516992"/>
        <Attr Name="UsedIn" Val="synthesis"/>
        <Attr Name="UsedIn" Val="implementation"/>
      </FileInfo>
    </File>
    <Config>
      <Option Name="ConstrsType" Val="XDC"/>
    </Config>
  </FileSet>
  <Strategy Version="1" Minor="2">
    <StratHandle Name="Vivado Synthesis Defaults" Flow="Vivado Synthesis 2016"/>
    <Step Id="synth_design"/>
  </Strategy>
</GenRun>
